,precision,recall,f1-score,support
apple___apple_scab,0.30357142857142855,0.38636363636363635,0.34,44.0
apple___black_rot,0.5909090909090909,0.43333333333333335,0.5,30.0
apple___cedar_apple_rust,0.39473684210526316,0.3488372093023256,0.37037037037037035,43.0
apple___healthy,0.4117647058823529,0.4772727272727273,0.4421052631578947,44.0
banana___unsupported,0.8809523809523809,0.6166666666666667,0.7254901960784313,120.0
bean___unsupported,0.7961165048543689,0.6833333333333333,0.7354260089686099,120.0
blueberry___healthy,0.75,0.3829787234042553,0.5070422535211268,47.0
cassava___unsupported,0.8977272727272727,0.7452830188679245,0.8144329896907216,106.0
cherry___healthy,0.5135135135135135,0.48717948717948717,0.5,39.0
cherry___powdery_mildew,0.7096774193548387,0.7333333333333333,0.7213114754098361,30.0
coffee___healthy,0.5625,0.6,0.5806451612903226,30.0
coffee___red_spider_mite,0.4,0.24,0.3,25.0
coffee___rust,0.3055555555555556,0.36666666666666664,0.3333333333333333,30.0
grape___black_rot,0.6176470588235294,0.525,0.5675675675675675,40.0
grape___esca_black_measles,0.88,0.7333333333333333,0.8,30.0
grape___healthy,0.8709677419354839,0.675,0.7605633802816901,40.0
grape___leaf_blight_isariopsis_leaf_spot,0.6774193548387096,0.7,0.6885245901639344,30.0
maize___cercospora_leaf_spot_gray_leaf_spot,0.5,0.55,0.5238095238095238,40.0
maize___common_rust,0.5,0.6170212765957447,0.5523809523809524,47.0
maize___healthy,0.43859649122807015,0.8333333333333334,0.5747126436781609,30.0
maize___northern_leaf_blight,0.5510204081632653,0.4576271186440678,0.5,59.0
orange___haunglongbing_citrus_greening,0.7096774193548387,0.7333333333333333,0.7213114754098361,30.0
other_plant___unsupported,0.8421052631578947,0.8,0.8205128205128205,120.0
peach___bacterial_spot,0.5,0.2,0.2857142857142857,30.0
peach___healthy,0.6666666666666666,0.5531914893617021,0.6046511627906976,47.0
pepper___bacterial_spot,0.45714285714285713,0.3902439024390244,0.42105263157894735,41.0
pepper___healthy,0.52,0.3333333333333333,0.40625,39.0
potato___early_blight,0.4883720930232558,0.44680851063829785,0.4666666666666667,47.0
potato___healthy,0.6818181818181818,0.6521739130434783,0.6666666666666666,23.0
potato___late_blight,0.46153846153846156,0.2608695652173913,0.3333333333333333,46.0
raspberry___healthy,0.7297297297297297,0.5625,0.6352941176470588,48.0
soybean___healthy,0.6285714285714286,0.55,0.5866666666666667,40.0
squash___powdery_mildew,0.4444444444444444,0.72,0.549618320610687,50.0
strawberry___healthy,0.6818181818181818,0.6818181818181818,0.6818181818181818,44.0
strawberry___leaf_scorch,0.7857142857142857,0.36666666666666664,0.5,30.0
tomato___bacterial_spot,0.2711864406779661,0.34782608695652173,0.3047619047619048,46.0
tomato___early_blight,0.18518518518518517,0.11627906976744186,0.14285714285714285,43.0
tomato___healthy,0.2413793103448276,0.1794871794871795,0.20588235294117646,39.0
tomato___late_blight,0.15517241379310345,0.1956521739130435,0.17307692307692307,46.0
tomato___leaf_mold,0.3333333333333333,0.22727272727272727,0.2702702702702703,44.0
tomato___septoria_leaf_spot,0.27906976744186046,0.23076923076923078,0.25263157894736843,52.0
tomato___spider_mites_two_spotted_spider_mite,0.3333333333333333,0.4,0.36363636363636365,30.0
tomato___target_spot,0.4230769230769231,0.36666666666666664,0.39285714285714285,30.0
tomato___tomato_mosaic_virus,0.45,0.47368421052631576,0.46153846153846156,38.0
tomato___tomato_yellow_leaf_curl_virus,0.34523809523809523,0.7073170731707317,0.464,41.0
not_plant,0.7385740402193784,0.9734939759036144,0.83991683991684,415.0
accuracy,0.5940394683850181,0.5940394683850181,0.5940394683850181,0.5940394683850181
macro avg,0.5414309483704208,0.5013467497372837,0.5084500221722156,2483.0
weighted avg,0.6044216679201915,0.5940394683850181,0.5866083742034766,2483.0
