epoch,loss,val_crop_acc,val_cond_acc,val_cond_f1,valfs_crop_acc,valfs_cond_acc,valfs_cond_f1
1,4.748886981801172,0.6618298888206482,0.5401048064231873,0.43253078897237573,0.2893994450569153,0.2027408331632614,0.10587524174299913
2,3.083919093836492,0.6964933276176453,0.561467170715332,0.45744375450271435,0.35509875416755676,0.27932286262512207,0.1333878376098561
3,2.6812485043127934,0.7839580774307251,0.673518717288971,0.6534588137452516,0.4997984766960144,0.3716243505477905,0.24116341725731505
4,2.4277349524761562,0.8295042514801025,0.7255139350891113,0.6985316337981003,0.5820233821868896,0.43571141362190247,0.32367275424688974
5,2.2637857432341457,0.8375654816627502,0.7355904579162598,0.6786234053168217,0.5239822864532471,0.4163643717765808,0.2924569615818206
6,2.1130959771985385,0.8794840574264526,0.8113663792610168,0.7907457980632158,0.6485288143157959,0.5191454887390137,0.42978448098911587
7,1.9510950413181554,0.8911728858947754,0.8158000707626343,0.7865371016431225,0.661426842212677,0.5364772081375122,0.44364335470699784
8,1.8914199851865146,0.9064893126487732,0.8359532356262207,0.805811427261232,0.6839984059333801,0.5642886161804199,0.47010034730435996
9,1.865386966484875,0.9048770666122437,0.8327287435531616,0.8025496221755893,0.6908504366874695,0.567513108253479,0.47270172259245113
